ID,ppl
0,908.7208251953125
1,364.05572509765625
2,2354.783447265625
3,510.3004455566406
